"","X1","X2","X3","X4","X5","X6","X7","X8","X9","X10","X11","X12","X13","X14","X15","X16","X17","X18","X19","X1.1","X2.1","X3.1","X4.1","X5.1","X6.1","X7.1","X8.1","X9.1","X10.1","X11.1","X12.1","X13.1","X14.1","X15.1","X16.1","X17.1","X18.1","X19.1","X1.2","X2.2","X3.2","X4.2","X5.2","X6.2","X7.2","X8.2","X9.2","X10.2","X11.2","X12.2","X13.2","X14.2","X15.2","X16.2","X17.2","X18.2","X19.2"
"1",0.532004572156027,0.556885520165513,0.598924241214766,0.578105287140274,0.588357966542147,0.610067237302673,0.552788383534855,0.608675875513198,0.599461011707533,0.584614263042491,0.618612680454109,0.636278169753284,0.577394130745882,0.596400600860135,0.597532849239281,0.60501313547796,0.633322423878007,0.612685079164528,0.611564655368352,0.531104841621094,0.529591622458002,0.596458722553041,0.594032905427125,0.556121433441689,0.613769123346566,0.601847427829716,0.610339138256139,0.586934776457272,0.627797494712203,0.625869617505305,0.591780912180845,0.60946737337987,0.617780281939105,0.613090794693512,0.624029142638025,0.595963933018463,0.61032571097068,0.626908130073338,0,0,0,0,0,0,0,0,0,0,0,0,0,0,0,0,0,0,0
"2",0.601924195124338,0.583888822488052,0.59425748275018,0.587635120862569,0.550311485406332,0.597409762648958,0.586755993141999,0.588738669051072,0.577004097601772,0.610084949570285,0.615596566693758,0.601913885060409,0.608559984686567,0.609840065952185,0.620406628057954,0.632337888555677,0.615144505841966,0.593517203577746,0.621355074267696,0.519429822503381,0.540809990493018,0.536153012670394,0.604156035076056,0.592521324475978,0.599288186487554,0.573446498699713,0.56972541666413,0.595325779534475,0.609273208469055,0.577897368622485,0.598919100358671,0.595134233004055,0.621914559120423,0.632781971273438,0.581104982034324,0.613404726337172,0.594459420965938,0.608954746743104,0,0,0,0,0,0,0,0,0,0,0,0,0,0,0,0,0,0,0
"3",0.562632213759158,0.561480782592092,0.587194933067817,0.572642182412297,0.613259127463566,0.610326692210704,0.614909557577787,0.594736542318019,0.611978151133065,0.600243624786775,0.5939743140766,0.600870307322995,0.612763745742469,0.620335473044961,0.619941653685502,0.603137327311204,0.633322423878007,0.612685079164528,0.611564655368352,0.578640490191013,0.541037354714401,0.579412420880253,0.601883848973585,0.606626155556571,0.58287229371861,0.605072823460257,0.595402415029245,0.61833204212701,0.600979466638434,0.59656311813575,0.596216856903718,0.622029633771317,0.617817723411011,0.590787656035273,0.630897619309637,0.605409795384303,0.605641911341393,0.627239920358387,0,0,0,0,0,0,0,0,0,0,0,0,0,0,0,0,0,0,0
"4",0.601924195124338,0.583888822488052,0.59425748275018,0.587635120862569,0.550311485406332,0.597409762648958,0.586755993141999,0.588738669051072,0.577004097601772,0.610084949570285,0.615596566693758,0.601913885060409,0.608559984686567,0.609840065952185,0.620406628057954,0.632337888555677,0.615144505841966,0.593517203577746,0.621355074267696,0.519334419838782,0.580953600546378,0.589969297034182,0.563467674658648,0.582669164344131,0.599706319602034,0.62316148191422,0.597651839991775,0.566413575367178,0.593043869707643,0.581274413988169,0.627562181505507,0.628485022405686,0.60241134571248,0.627337264938244,0.623441976993657,0.602230512771932,0.607839871699975,0.611317202216305,0,0,0,0,0,0,0,0,0,0,0,0,0,0,0,0,0,0,0
"5",0.562632213759158,0.561480782592092,0.587194933067817,0.572642182412297,0.613259127463566,0.610326692210704,0.614909557577787,0.594736542318019,0.611978151133065,0.600243624786775,0.5939743140766,0.600870307322995,0.612763745742469,0.620335473044961,0.619941653685502,0.603137327311204,0.633322423878007,0.612685079164528,0.611564655368352,0.524234316028483,0.570193688526184,0.623006792343177,0.586561115657007,0.560154818903623,0.599706319602034,0.62316148191422,0.597651839991775,0.566413575367178,0.593043869707643,0.581274413988169,0.627562181505507,0.628485022405686,0.60241134571248,0.627337264938244,0.623441976993657,0.602230512771932,0.607839871699975,0.611317202216305,0,0,0,0,0,0,0,0,0,0,0,0,0,0,0,0,0,0,0
"6",0.601924195124338,0.583888822488052,0.59425748275018,0.587635120862569,0.550311485406332,0.597409762648958,0.586755993141999,0.588738669051072,0.577004097601772,0.610084949570285,0.615596566693758,0.601913885060409,0.608559984686567,0.609840065952185,0.620406628057954,0.632337888555677,0.615144505841966,0.593517203577746,0.621355074267696,0.524234316028483,0.570193688526184,0.623006792343177,0.586561115657007,0.560154818903623,0.599706319602034,0.62316148191422,0.597651839991775,0.566413575367178,0.593043869707643,0.581274413988169,0.627562181505507,0.628485022405686,0.60241134571248,0.627337264938244,0.623441976993657,0.602230512771932,0.607839871699975,0.611317202216305,0,0,0,0,0,0,0,0,0,0,0,0,0,0,0,0,0,0,0
"7",0.562632213759158,0.561480782592092,0.587194933067817,0.572642182412297,0.613259127463566,0.610326692210704,0.614909557577787,0.594736542318019,0.611978151133065,0.600243624786775,0.5939743140766,0.600870307322995,0.612763745742469,0.620335473044961,0.619941653685502,0.603137327311204,0.633322423878007,0.612685079164528,0.611564655368352,0.524234316028483,0.570193688526184,0.623006792343177,0.586561115657007,0.560154818903623,0.599706319602034,0.62316148191422,0.597651839991775,0.566413575367178,0.593043869707643,0.581274413988169,0.627562181505507,0.628485022405686,0.60241134571248,0.627337264938244,0.623441976993657,0.602230512771932,0.607839871699975,0.611317202216305,0,0,0,0,0,0,0,0,0,0,0,0,0,0,0,0,0,0,0
"8",0.601924195124338,0.583888822488052,0.59425748275018,0.587635120862569,0.550311485406332,0.597409762648958,0.586755993141999,0.588738669051072,0.577004097601772,0.610084949570285,0.615596566693758,0.601913885060409,0.608559984686567,0.609840065952185,0.620406628057954,0.632337888555677,0.615144505841966,0.593517203577746,0.621355074267696,0.524234316028483,0.570193688526184,0.623006792343177,0.586561115657007,0.560154818903623,0.599706319602034,0.62316148191422,0.597651839991775,0.566413575367178,0.593043869707643,0.581274413988169,0.627562181505507,0.628485022405686,0.60241134571248,0.627337264938244,0.623441976993657,0.602230512771932,0.607839871699975,0.611317202216305,0,0,0,0,0,0,0,0,0,0,0,0,0,0,0,0,0,0,0
"9",0.562632213759158,0.561480782592092,0.587194933067817,0.572642182412297,0.613259127463566,0.610326692210704,0.614909557577787,0.594736542318019,0.611978151133065,0.600243624786775,0.5939743140766,0.600870307322995,0.612763745742469,0.620335473044961,0.619941653685502,0.603137327311204,0.633322423878007,0.612685079164528,0.611564655368352,0.524234316028483,0.570193688526184,0.623006792343177,0.586561115657007,0.560154818903623,0.599706319602034,0.62316148191422,0.597651839991775,0.566413575367178,0.593043869707643,0.581274413988169,0.627562181505507,0.628485022405686,0.60241134571248,0.627337264938244,0.623441976993657,0.602230512771932,0.607839871699975,0.611317202216305,0,0,0,0,0,0,0,0,0,0,0,0,0,0,0,0,0,0,0
"10",0.601924195124338,0.583888822488052,0.59425748275018,0.587635120862569,0.550311485406332,0.597409762648958,0.586755993141999,0.588738669051072,0.577004097601772,0.610084949570285,0.615596566693758,0.601913885060409,0.608559984686567,0.609840065952185,0.620406628057954,0.632337888555677,0.615144505841966,0.593517203577746,0.621355074267696,0.524234316028483,0.570193688526184,0.623006792343177,0.586561115657007,0.560154818903623,0.599706319602034,0.62316148191422,0.597651839991775,0.566413575367178,0.593043869707643,0.581274413988169,0.627562181505507,0.628485022405686,0.60241134571248,0.627337264938244,0.623441976993657,0.602230512771932,0.607839871699975,0.611317202216305,0,0,0,0,0,0,0,0,0,0,0,0,0,0,0,0,0,0,0
"11",0.562632213759158,0.561480782592092,0.587194933067817,0.572642182412297,0.613259127463566,0.610326692210704,0.614909557577787,0.594736542318019,0.611978151133065,0.600243624786775,0.5939743140766,0.600870307322995,0.612763745742469,0.620335473044961,0.619941653685502,0.603137327311204,0.633322423878007,0.612685079164528,0.611564655368352,0.524234316028483,0.570193688526184,0.623006792343177,0.586561115657007,0.560154818903623,0.599706319602034,0.62316148191422,0.597651839991775,0.566413575367178,0.593043869707643,0.581274413988169,0.627562181505507,0.628485022405686,0.60241134571248,0.627337264938244,0.623441976993657,0.602230512771932,0.607839871699975,0.611317202216305,0,0,0,0,0,0,0,0,0,0,0,0,0,0,0,0,0,0,0
"12",0.601924195124338,0.583888822488052,0.59425748275018,0.587635120862569,0.550311485406332,0.597409762648958,0.586755993141999,0.588738669051072,0.577004097601772,0.610084949570285,0.615596566693758,0.601913885060409,0.608559984686567,0.609840065952185,0.620406628057954,0.632337888555677,0.615144505841966,0.593517203577746,0.621355074267696,0.524234316028483,0.570193688526184,0.623006792343177,0.586561115657007,0.560154818903623,0.599706319602034,0.62316148191422,0.597651839991775,0.566413575367178,0.593043869707643,0.581274413988169,0.627562181505507,0.628485022405686,0.60241134571248,0.627337264938244,0.623441976993657,0.602230512771932,0.607839871699975,0.611317202216305,0,0,0,0,0,0,0,0,0,0,0,0,0,0,0,0,0,0,0
"13",0.562632213759158,0.561480782592092,0.587194933067817,0.572642182412297,0.613259127463566,0.610326692210704,0.614909557577787,0.594736542318019,0.611978151133065,0.600243624786775,0.5939743140766,0.600870307322995,0.612763745742469,0.620335473044961,0.619941653685502,0.603137327311204,0.633322423878007,0.612685079164528,0.611564655368352,0.524234316028483,0.570193688526184,0.623006792343177,0.586561115657007,0.560154818903623,0.599706319602034,0.62316148191422,0.597651839991775,0.566413575367178,0.593043869707643,0.581274413988169,0.627562181505507,0.628485022405686,0.60241134571248,0.627337264938244,0.623441976993657,0.602230512771932,0.607839871699975,0.611317202216305,0,0,0,0,0,0,0,0,0,0,0,0,0,0,0,0,0,0,0
"14",0.601924195124338,0.583888822488052,0.59425748275018,0.587635120862569,0.550311485406332,0.597409762648958,0.586755993141999,0.588738669051072,0.577004097601772,0.610084949570285,0.615596566693758,0.601913885060409,0.608559984686567,0.609840065952185,0.620406628057954,0.632337888555677,0.615144505841966,0.593517203577746,0.621355074267696,0.524234316028483,0.570193688526184,0.623006792343177,0.586561115657007,0.560154818903623,0.599706319602034,0.62316148191422,0.597651839991775,0.566413575367178,0.593043869707643,0.581274413988169,0.627562181505507,0.628485022405686,0.60241134571248,0.627337264938244,0.623441976993657,0.602230512771932,0.607839871699975,0.611317202216305,0,0,0,0,0,0,0,0,0,0,0,0,0,0,0,0,0,0,0
"15",0.562632213759158,0.561480782592092,0.587194933067817,0.572642182412297,0.613259127463566,0.610326692210704,0.614909557577787,0.594736542318019,0.611978151133065,0.600243624786775,0.5939743140766,0.600870307322995,0.612763745742469,0.620335473044961,0.619941653685502,0.603137327311204,0.633322423878007,0.612685079164528,0.611564655368352,0.524234316028483,0.570193688526184,0.623006792343177,0.586561115657007,0.560154818903623,0.599706319602034,0.62316148191422,0.597651839991775,0.566413575367178,0.593043869707643,0.581274413988169,0.627562181505507,0.628485022405686,0.60241134571248,0.627337264938244,0.623441976993657,0.602230512771932,0.607839871699975,0.611317202216305,0,0,0,0,0,0,0,0,0,0,0,0,0,0,0,0,0,0,0
"16",0.601924195124338,0.583888822488052,0.59425748275018,0.587635120862569,0.550311485406332,0.597409762648958,0.586755993141999,0.588738669051072,0.577004097601772,0.610084949570285,0.615596566693758,0.601913885060409,0.608559984686567,0.609840065952185,0.620406628057954,0.632337888555677,0.615144505841966,0.593517203577746,0.621355074267696,0.524234316028483,0.570193688526184,0.623006792343177,0.586561115657007,0.560154818903623,0.599706319602034,0.62316148191422,0.597651839991775,0.566413575367178,0.593043869707643,0.581274413988169,0.627562181505507,0.628485022405686,0.60241134571248,0.627337264938244,0.623441976993657,0.602230512771932,0.607839871699975,0.611317202216305,0,0,0,0,0,0,0,0,0,0,0,0,0,0,0,0,0,0,0
"17",0.562632213759158,0.561480782592092,0.587194933067817,0.572642182412297,0.613259127463566,0.610326692210704,0.614909557577787,0.594736542318019,0.611978151133065,0.600243624786775,0.5939743140766,0.600870307322995,0.612763745742469,0.620335473044961,0.619941653685502,0.603137327311204,0.633322423878007,0.612685079164528,0.611564655368352,0.524234316028483,0.570193688526184,0.623006792343177,0.586561115657007,0.560154818903623,0.599706319602034,0.62316148191422,0.597651839991775,0.566413575367178,0.593043869707643,0.581274413988169,0.627562181505507,0.628485022405686,0.60241134571248,0.627337264938244,0.623441976993657,0.602230512771932,0.607839871699975,0.611317202216305,0,0,0,0,0,0,0,0,0,0,0,0,0,0,0,0,0,0,0
"18",0.601924195124338,0.583888822488052,0.59425748275018,0.587635120862569,0.550311485406332,0.597409762648958,0.586755993141999,0.588738669051072,0.577004097601772,0.610084949570285,0.615596566693758,0.601913885060409,0.608559984686567,0.609840065952185,0.620406628057954,0.632337888555677,0.615144505841966,0.593517203577746,0.621355074267696,0.524234316028483,0.570193688526184,0.623006792343177,0.586561115657007,0.560154818903623,0.599706319602034,0.62316148191422,0.597651839991775,0.566413575367178,0.593043869707643,0.581274413988169,0.627562181505507,0.628485022405686,0.60241134571248,0.627337264938244,0.623441976993657,0.602230512771932,0.607839871699975,0.611317202216305,0,0,0,0,0,0,0,0,0,0,0,0,0,0,0,0,0,0,0
"19",0.562632213759158,0.561480782592092,0.587194933067817,0.572642182412297,0.613259127463566,0.610326692210704,0.614909557577787,0.594736542318019,0.611978151133065,0.600243624786775,0.5939743140766,0.600870307322995,0.612763745742469,0.620335473044961,0.619941653685502,0.603137327311204,0.633322423878007,0.612685079164528,0.611564655368352,0.524234316028483,0.570193688526184,0.623006792343177,0.586561115657007,0.560154818903623,0.599706319602034,0.62316148191422,0.597651839991775,0.566413575367178,0.593043869707643,0.581274413988169,0.627562181505507,0.628485022405686,0.60241134571248,0.627337264938244,0.623441976993657,0.602230512771932,0.607839871699975,0.611317202216305,0,0,0,0,0,0,0,0,0,0,0,0,0,0,0,0,0,0,0
"20",0.601924195124338,0.583888822488052,0.59425748275018,0.587635120862569,0.550311485406332,0.597409762648958,0.586755993141999,0.588738669051072,0.577004097601772,0.610084949570285,0.615596566693758,0.601913885060409,0.608559984686567,0.609840065952185,0.620406628057954,0.632337888555677,0.615144505841966,0.593517203577746,0.621355074267696,0.524234316028483,0.570193688526184,0.623006792343177,0.586561115657007,0.560154818903623,0.599706319602034,0.62316148191422,0.597651839991775,0.566413575367178,0.593043869707643,0.581274413988169,0.627562181505507,0.628485022405686,0.60241134571248,0.627337264938244,0.623441976993657,0.602230512771932,0.607839871699975,0.611317202216305,0,0,0,0,0,0,0,0,0,0,0,0,0,0,0,0,0,0,0
"21",0.562632213759158,0.561480782592092,0.587194933067817,0.572642182412297,0.613259127463566,0.610326692210704,0.614909557577787,0.594736542318019,0.611978151133065,0.600243624786775,0.5939743140766,0.600870307322995,0.612763745742469,0.620335473044961,0.619941653685502,0.603137327311204,0.633322423878007,0.612685079164528,0.611564655368352,0.524234316028483,0.570193688526184,0.623006792343177,0.586561115657007,0.560154818903623,0.599706319602034,0.62316148191422,0.597651839991775,0.566413575367178,0.593043869707643,0.581274413988169,0.627562181505507,0.628485022405686,0.60241134571248,0.627337264938244,0.623441976993657,0.602230512771932,0.607839871699975,0.611317202216305,0,0,0,0,0,0,0,0,0,0,0,0,0,0,0,0,0,0,0
"22",0.601924195124338,0.583888822488052,0.59425748275018,0.587635120862569,0.550311485406332,0.597409762648958,0.586755993141999,0.588738669051072,0.577004097601772,0.610084949570285,0.615596566693758,0.601913885060409,0.608559984686567,0.609840065952185,0.620406628057954,0.632337888555677,0.615144505841966,0.593517203577746,0.621355074267696,0.524234316028483,0.570193688526184,0.623006792343177,0.586561115657007,0.560154818903623,0.599706319602034,0.62316148191422,0.597651839991775,0.566413575367178,0.593043869707643,0.581274413988169,0.627562181505507,0.628485022405686,0.60241134571248,0.627337264938244,0.623441976993657,0.602230512771932,0.607839871699975,0.611317202216305,0,0,0,0,0,0,0,0,0,0,0,0,0,0,0,0,0,0,0
"23",0.562632213759158,0.561480782592092,0.587194933067817,0.572642182412297,0.613259127463566,0.610326692210704,0.614909557577787,0.594736542318019,0.611978151133065,0.600243624786775,0.5939743140766,0.600870307322995,0.612763745742469,0.620335473044961,0.619941653685502,0.603137327311204,0.633322423878007,0.612685079164528,0.611564655368352,0.524234316028483,0.570193688526184,0.623006792343177,0.586561115657007,0.560154818903623,0.599706319602034,0.62316148191422,0.597651839991775,0.566413575367178,0.593043869707643,0.581274413988169,0.627562181505507,0.628485022405686,0.60241134571248,0.627337264938244,0.623441976993657,0.602230512771932,0.607839871699975,0.611317202216305,0,0,0,0,0,0,0,0,0,0,0,0,0,0,0,0,0,0,0
"24",0.601924195124338,0.583888822488052,0.59425748275018,0.587635120862569,0.550311485406332,0.597409762648958,0.586755993141999,0.588738669051072,0.577004097601772,0.610084949570285,0.615596566693758,0.601913885060409,0.608559984686567,0.609840065952185,0.620406628057954,0.632337888555677,0.615144505841966,0.593517203577746,0.621355074267696,0.524234316028483,0.570193688526184,0.623006792343177,0.586561115657007,0.560154818903623,0.599706319602034,0.62316148191422,0.597651839991775,0.566413575367178,0.593043869707643,0.581274413988169,0.627562181505507,0.628485022405686,0.60241134571248,0.627337264938244,0.623441976993657,0.602230512771932,0.607839871699975,0.611317202216305,0,0,0,0,0,0,0,0,0,0,0,0,0,0,0,0,0,0,0
"25",0.562632213759158,0.561480782592092,0.587194933067817,0.572642182412297,0.613259127463566,0.610326692210704,0.614909557577787,0.594736542318019,0.611978151133065,0.600243624786775,0.5939743140766,0.600870307322995,0.612763745742469,0.620335473044961,0.619941653685502,0.603137327311204,0.633322423878007,0.612685079164528,0.611564655368352,0.524234316028483,0.570193688526184,0.623006792343177,0.586561115657007,0.560154818903623,0.599706319602034,0.62316148191422,0.597651839991775,0.566413575367178,0.593043869707643,0.581274413988169,0.627562181505507,0.628485022405686,0.60241134571248,0.627337264938244,0.623441976993657,0.602230512771932,0.607839871699975,0.611317202216305,0,0,0,0,0,0,0,0,0,0,0,0,0,0,0,0,0,0,0
"26",0.601924195124338,0.583888822488052,0.59425748275018,0.587635120862569,0.550311485406332,0.597409762648958,0.586755993141999,0.588738669051072,0.577004097601772,0.610084949570285,0.615596566693758,0.601913885060409,0.608559984686567,0.609840065952185,0.620406628057954,0.632337888555677,0.615144505841966,0.593517203577746,0.621355074267696,0.524234316028483,0.570193688526184,0.623006792343177,0.586561115657007,0.560154818903623,0.599706319602034,0.62316148191422,0.597651839991775,0.566413575367178,0.593043869707643,0.581274413988169,0.627562181505507,0.628485022405686,0.60241134571248,0.627337264938244,0.623441976993657,0.602230512771932,0.607839871699975,0.611317202216305,0,0,0,0,0,0,0,0,0,0,0,0,0,0,0,0,0,0,0
"27",0.562632213759158,0.561480782592092,0.587194933067817,0.572642182412297,0.613259127463566,0.610326692210704,0.614909557577787,0.594736542318019,0.611978151133065,0.600243624786775,0.5939743140766,0.600870307322995,0.612763745742469,0.620335473044961,0.619941653685502,0.603137327311204,0.633322423878007,0.612685079164528,0.611564655368352,0.524234316028483,0.570193688526184,0.623006792343177,0.586561115657007,0.560154818903623,0.599706319602034,0.62316148191422,0.597651839991775,0.566413575367178,0.593043869707643,0.581274413988169,0.627562181505507,0.628485022405686,0.60241134571248,0.627337264938244,0.623441976993657,0.602230512771932,0.607839871699975,0.611317202216305,0,0,0,0,0,0,0,0,0,0,0,0,0,0,0,0,0,0,0
"28",0.601924195124338,0.583888822488052,0.59425748275018,0.587635120862569,0.550311485406332,0.597409762648958,0.586755993141999,0.588738669051072,0.577004097601772,0.610084949570285,0.615596566693758,0.601913885060409,0.608559984686567,0.609840065952185,0.620406628057954,0.632337888555677,0.615144505841966,0.593517203577746,0.621355074267696,0.524234316028483,0.570193688526184,0.623006792343177,0.586561115657007,0.560154818903623,0.599706319602034,0.62316148191422,0.597651839991775,0.566413575367178,0.593043869707643,0.581274413988169,0.627562181505507,0.628485022405686,0.60241134571248,0.627337264938244,0.623441976993657,0.602230512771932,0.607839871699975,0.611317202216305,0,0,0,0,0,0,0,0,0,0,0,0,0,0,0,0,0,0,0
"29",0.562632213759158,0.561480782592092,0.587194933067817,0.572642182412297,0.613259127463566,0.610326692210704,0.614909557577787,0.594736542318019,0.611978151133065,0.600243624786775,0.5939743140766,0.600870307322995,0.612763745742469,0.620335473044961,0.619941653685502,0.603137327311204,0.633322423878007,0.612685079164528,0.611564655368352,0.524234316028483,0.570193688526184,0.623006792343177,0.586561115657007,0.560154818903623,0.599706319602034,0.62316148191422,0.597651839991775,0.566413575367178,0.593043869707643,0.581274413988169,0.627562181505507,0.628485022405686,0.60241134571248,0.627337264938244,0.623441976993657,0.602230512771932,0.607839871699975,0.611317202216305,0,0,0,0,0,0,0,0,0,0,0,0,0,0,0,0,0,0,0
"30",0.601924195124338,0.583888822488052,0.59425748275018,0.587635120862569,0.550311485406332,0.597409762648958,0.586755993141999,0.588738669051072,0.577004097601772,0.610084949570285,0.615596566693758,0.601913885060409,0.608559984686567,0.609840065952185,0.620406628057954,0.632337888555677,0.615144505841966,0.593517203577746,0.621355074267696,0.524234316028483,0.570193688526184,0.623006792343177,0.586561115657007,0.560154818903623,0.599706319602034,0.62316148191422,0.597651839991775,0.566413575367178,0.593043869707643,0.581274413988169,0.627562181505507,0.628485022405686,0.60241134571248,0.627337264938244,0.623441976993657,0.602230512771932,0.607839871699975,0.611317202216305,0,0,0,0,0,0,0,0,0,0,0,0,0,0,0,0,0,0,0
"31",0.562632213759158,0.561480782592092,0.587194933067817,0.572642182412297,0.613259127463566,0.610326692210704,0.614909557577787,0.594736542318019,0.611978151133065,0.600243624786775,0.5939743140766,0.600870307322995,0.612763745742469,0.620335473044961,0.619941653685502,0.603137327311204,0.633322423878007,0.612685079164528,0.611564655368352,0.524234316028483,0.570193688526184,0.623006792343177,0.586561115657007,0.560154818903623,0.599706319602034,0.62316148191422,0.597651839991775,0.566413575367178,0.593043869707643,0.581274413988169,0.627562181505507,0.628485022405686,0.60241134571248,0.627337264938244,0.623441976993657,0.602230512771932,0.607839871699975,0.611317202216305,0,0,0,0,0,0,0,0,0,0,0,0,0,0,0,0,0,0,0
"32",0.601924195124338,0.583888822488052,0.59425748275018,0.587635120862569,0.550311485406332,0.597409762648958,0.586755993141999,0.588738669051072,0.577004097601772,0.610084949570285,0.615596566693758,0.601913885060409,0.608559984686567,0.609840065952185,0.620406628057954,0.632337888555677,0.615144505841966,0.593517203577746,0.621355074267696,0.524234316028483,0.570193688526184,0.623006792343177,0.586561115657007,0.560154818903623,0.599706319602034,0.62316148191422,0.597651839991775,0.566413575367178,0.593043869707643,0.581274413988169,0.627562181505507,0.628485022405686,0.60241134571248,0.627337264938244,0.623441976993657,0.602230512771932,0.607839871699975,0.611317202216305,0,0,0,0,0,0,0,0,0,0,0,0,0,0,0,0,0,0,0
"33",0.562632213759158,0.561480782592092,0.587194933067817,0.572642182412297,0.613259127463566,0.610326692210704,0.614909557577787,0.594736542318019,0.611978151133065,0.600243624786775,0.5939743140766,0.600870307322995,0.612763745742469,0.620335473044961,0.619941653685502,0.603137327311204,0.633322423878007,0.612685079164528,0.611564655368352,0.524234316028483,0.570193688526184,0.623006792343177,0.586561115657007,0.560154818903623,0.599706319602034,0.62316148191422,0.597651839991775,0.566413575367178,0.593043869707643,0.581274413988169,0.627562181505507,0.628485022405686,0.60241134571248,0.627337264938244,0.623441976993657,0.602230512771932,0.607839871699975,0.611317202216305,0,0,0,0,0,0,0,0,0,0,0,0,0,0,0,0,0,0,0
"34",0.601924195124338,0.583888822488052,0.59425748275018,0.587635120862569,0.550311485406332,0.597409762648958,0.586755993141999,0.588738669051072,0.577004097601772,0.610084949570285,0.615596566693758,0.601913885060409,0.608559984686567,0.609840065952185,0.620406628057954,0.632337888555677,0.615144505841966,0.593517203577746,0.621355074267696,0.524234316028483,0.570193688526184,0.623006792343177,0.586561115657007,0.560154818903623,0.599706319602034,0.62316148191422,0.597651839991775,0.566413575367178,0.593043869707643,0.581274413988169,0.627562181505507,0.628485022405686,0.60241134571248,0.627337264938244,0.623441976993657,0.602230512771932,0.607839871699975,0.611317202216305,0,0,0,0,0,0,0,0,0,0,0,0,0,0,0,0,0,0,0
"35",0.562632213759158,0.561480782592092,0.587194933067817,0.572642182412297,0.613259127463566,0.610326692210704,0.614909557577787,0.594736542318019,0.611978151133065,0.600243624786775,0.5939743140766,0.600870307322995,0.612763745742469,0.620335473044961,0.619941653685502,0.603137327311204,0.633322423878007,0.612685079164528,0.611564655368352,0.524234316028483,0.570193688526184,0.623006792343177,0.586561115657007,0.560154818903623,0.599706319602034,0.62316148191422,0.597651839991775,0.566413575367178,0.593043869707643,0.581274413988169,0.627562181505507,0.628485022405686,0.60241134571248,0.627337264938244,0.623441976993657,0.602230512771932,0.607839871699975,0.611317202216305,0,0,0,0,0,0,0,0,0,0,0,0,0,0,0,0,0,0,0
"36",0.601924195124338,0.583888822488052,0.59425748275018,0.587635120862569,0.550311485406332,0.597409762648958,0.586755993141999,0.588738669051072,0.577004097601772,0.610084949570285,0.615596566693758,0.601913885060409,0.608559984686567,0.609840065952185,0.620406628057954,0.632337888555677,0.615144505841966,0.593517203577746,0.621355074267696,0.524234316028483,0.570193688526184,0.623006792343177,0.586561115657007,0.560154818903623,0.599706319602034,0.62316148191422,0.597651839991775,0.566413575367178,0.593043869707643,0.581274413988169,0.627562181505507,0.628485022405686,0.60241134571248,0.627337264938244,0.623441976993657,0.602230512771932,0.607839871699975,0.611317202216305,0,0,0,0,0,0,0,0,0,0,0,0,0,0,0,0,0,0,0
"37",0.562632213759158,0.561480782592092,0.587194933067817,0.572642182412297,0.613259127463566,0.610326692210704,0.614909557577787,0.594736542318019,0.611978151133065,0.600243624786775,0.5939743140766,0.600870307322995,0.612763745742469,0.620335473044961,0.619941653685502,0.603137327311204,0.633322423878007,0.612685079164528,0.611564655368352,0.524234316028483,0.570193688526184,0.623006792343177,0.586561115657007,0.560154818903623,0.599706319602034,0.62316148191422,0.597651839991775,0.566413575367178,0.593043869707643,0.581274413988169,0.627562181505507,0.628485022405686,0.60241134571248,0.627337264938244,0.623441976993657,0.602230512771932,0.607839871699975,0.611317202216305,0,0,0,0,0,0,0,0,0,0,0,0,0,0,0,0,0,0,0
"38",0.601924195124338,0.583888822488052,0.59425748275018,0.587635120862569,0.550311485406332,0.597409762648958,0.586755993141999,0.588738669051072,0.577004097601772,0.610084949570285,0.615596566693758,0.601913885060409,0.608559984686567,0.609840065952185,0.620406628057954,0.632337888555677,0.615144505841966,0.593517203577746,0.621355074267696,0.524234316028483,0.570193688526184,0.623006792343177,0.586561115657007,0.560154818903623,0.599706319602034,0.62316148191422,0.597651839991775,0.566413575367178,0.593043869707643,0.581274413988169,0.627562181505507,0.628485022405686,0.60241134571248,0.627337264938244,0.623441976993657,0.602230512771932,0.607839871699975,0.611317202216305,0,0,0,0,0,0,0,0,0,0,0,0,0,0,0,0,0,0,0
"39",0.562632213759158,0.561480782592092,0.587194933067817,0.572642182412297,0.613259127463566,0.610326692210704,0.614909557577787,0.594736542318019,0.611978151133065,0.600243624786775,0.5939743140766,0.600870307322995,0.612763745742469,0.620335473044961,0.619941653685502,0.603137327311204,0.633322423878007,0.612685079164528,0.611564655368352,0.524234316028483,0.570193688526184,0.623006792343177,0.586561115657007,0.560154818903623,0.599706319602034,0.62316148191422,0.597651839991775,0.566413575367178,0.593043869707643,0.581274413988169,0.627562181505507,0.628485022405686,0.60241134571248,0.627337264938244,0.623441976993657,0.602230512771932,0.607839871699975,0.611317202216305,0,0,0,0,0,0,0,0,0,0,0,0,0,0,0,0,0,0,0
"40",0.601924195124338,0.583888822488052,0.59425748275018,0.587635120862569,0.550311485406332,0.597409762648958,0.586755993141999,0.588738669051072,0.577004097601772,0.610084949570285,0.615596566693758,0.601913885060409,0.608559984686567,0.609840065952185,0.620406628057954,0.632337888555677,0.615144505841966,0.593517203577746,0.621355074267696,0.524234316028483,0.570193688526184,0.623006792343177,0.586561115657007,0.560154818903623,0.599706319602034,0.62316148191422,0.597651839991775,0.566413575367178,0.593043869707643,0.581274413988169,0.627562181505507,0.628485022405686,0.60241134571248,0.627337264938244,0.623441976993657,0.602230512771932,0.607839871699975,0.611317202216305,0,0,0,0,0,0,0,0,0,0,0,0,0,0,0,0,0,0,0
"41",0.562632213759158,0.561480782592092,0.587194933067817,0.572642182412297,0.613259127463566,0.610326692210704,0.614909557577787,0.594736542318019,0.611978151133065,0.600243624786775,0.5939743140766,0.600870307322995,0.612763745742469,0.620335473044961,0.619941653685502,0.603137327311204,0.633322423878007,0.612685079164528,0.611564655368352,0.524234316028483,0.570193688526184,0.623006792343177,0.586561115657007,0.560154818903623,0.599706319602034,0.62316148191422,0.597651839991775,0.566413575367178,0.593043869707643,0.581274413988169,0.627562181505507,0.628485022405686,0.60241134571248,0.627337264938244,0.623441976993657,0.602230512771932,0.607839871699975,0.611317202216305,0,0,0,0,0,0,0,0,0,0,0,0,0,0,0,0,0,0,0
"42",0.601924195124338,0.583888822488052,0.59425748275018,0.587635120862569,0.550311485406332,0.597409762648958,0.586755993141999,0.588738669051072,0.577004097601772,0.610084949570285,0.615596566693758,0.601913885060409,0.608559984686567,0.609840065952185,0.620406628057954,0.632337888555677,0.615144505841966,0.593517203577746,0.621355074267696,0.524234316028483,0.570193688526184,0.623006792343177,0.586561115657007,0.560154818903623,0.599706319602034,0.62316148191422,0.597651839991775,0.566413575367178,0.593043869707643,0.581274413988169,0.627562181505507,0.628485022405686,0.60241134571248,0.627337264938244,0.623441976993657,0.602230512771932,0.607839871699975,0.611317202216305,0,0,0,0,0,0,0,0,0,0,0,0,0,0,0,0,0,0,0
"43",0.562632213759158,0.561480782592092,0.587194933067817,0.572642182412297,0.613259127463566,0.610326692210704,0.614909557577787,0.594736542318019,0.611978151133065,0.600243624786775,0.5939743140766,0.600870307322995,0.612763745742469,0.620335473044961,0.619941653685502,0.603137327311204,0.633322423878007,0.612685079164528,0.611564655368352,0.524234316028483,0.570193688526184,0.623006792343177,0.586561115657007,0.560154818903623,0.599706319602034,0.62316148191422,0.597651839991775,0.566413575367178,0.593043869707643,0.581274413988169,0.627562181505507,0.628485022405686,0.60241134571248,0.627337264938244,0.623441976993657,0.602230512771932,0.607839871699975,0.611317202216305,0,0,0,0,0,0,0,0,0,0,0,0,0,0,0,0,0,0,0
"44",0.601924195124338,0.583888822488052,0.59425748275018,0.587635120862569,0.550311485406332,0.597409762648958,0.586755993141999,0.588738669051072,0.577004097601772,0.610084949570285,0.615596566693758,0.601913885060409,0.608559984686567,0.609840065952185,0.620406628057954,0.632337888555677,0.615144505841966,0.593517203577746,0.621355074267696,0.524234316028483,0.570193688526184,0.623006792343177,0.586561115657007,0.560154818903623,0.599706319602034,0.62316148191422,0.597651839991775,0.566413575367178,0.593043869707643,0.581274413988169,0.627562181505507,0.628485022405686,0.60241134571248,0.627337264938244,0.623441976993657,0.602230512771932,0.607839871699975,0.611317202216305,0,0,0,0,0,0,0,0,0,0,0,0,0,0,0,0,0,0,0
"45",0.562632213759158,0.561480782592092,0.587194933067817,0.572642182412297,0.613259127463566,0.610326692210704,0.614909557577787,0.594736542318019,0.611978151133065,0.600243624786775,0.5939743140766,0.600870307322995,0.612763745742469,0.620335473044961,0.619941653685502,0.603137327311204,0.633322423878007,0.612685079164528,0.611564655368352,0.524234316028483,0.570193688526184,0.623006792343177,0.586561115657007,0.560154818903623,0.599706319602034,0.62316148191422,0.597651839991775,0.566413575367178,0.593043869707643,0.581274413988169,0.627562181505507,0.628485022405686,0.60241134571248,0.627337264938244,0.623441976993657,0.602230512771932,0.607839871699975,0.611317202216305,0,0,0,0,0,0,0,0,0,0,0,0,0,0,0,0,0,0,0
"46",0.601924195124338,0.583888822488052,0.59425748275018,0.587635120862569,0.550311485406332,0.597409762648958,0.586755993141999,0.588738669051072,0.577004097601772,0.610084949570285,0.615596566693758,0.601913885060409,0.608559984686567,0.609840065952185,0.620406628057954,0.632337888555677,0.615144505841966,0.593517203577746,0.621355074267696,0.524234316028483,0.570193688526184,0.623006792343177,0.586561115657007,0.560154818903623,0.599706319602034,0.62316148191422,0.597651839991775,0.566413575367178,0.593043869707643,0.581274413988169,0.627562181505507,0.628485022405686,0.60241134571248,0.627337264938244,0.623441976993657,0.602230512771932,0.607839871699975,0.611317202216305,0,0,0,0,0,0,0,0,0,0,0,0,0,0,0,0,0,0,0
"47",0.562632213759158,0.561480782592092,0.587194933067817,0.572642182412297,0.613259127463566,0.610326692210704,0.614909557577787,0.594736542318019,0.611978151133065,0.600243624786775,0.5939743140766,0.600870307322995,0.612763745742469,0.620335473044961,0.619941653685502,0.603137327311204,0.633322423878007,0.612685079164528,0.611564655368352,0.524234316028483,0.570193688526184,0.623006792343177,0.586561115657007,0.560154818903623,0.599706319602034,0.62316148191422,0.597651839991775,0.566413575367178,0.593043869707643,0.581274413988169,0.627562181505507,0.628485022405686,0.60241134571248,0.627337264938244,0.623441976993657,0.602230512771932,0.607839871699975,0.611317202216305,0,0,0,0,0,0,0,0,0,0,0,0,0,0,0,0,0,0,0
"48",0.601924195124338,0.583888822488052,0.59425748275018,0.587635120862569,0.550311485406332,0.597409762648958,0.586755993141999,0.588738669051072,0.577004097601772,0.610084949570285,0.615596566693758,0.601913885060409,0.608559984686567,0.609840065952185,0.620406628057954,0.632337888555677,0.615144505841966,0.593517203577746,0.621355074267696,0.524234316028483,0.570193688526184,0.623006792343177,0.586561115657007,0.560154818903623,0.599706319602034,0.62316148191422,0.597651839991775,0.566413575367178,0.593043869707643,0.581274413988169,0.627562181505507,0.628485022405686,0.60241134571248,0.627337264938244,0.623441976993657,0.602230512771932,0.607839871699975,0.611317202216305,0,0,0,0,0,0,0,0,0,0,0,0,0,0,0,0,0,0,0
"49",0.562632213759158,0.561480782592092,0.587194933067817,0.572642182412297,0.613259127463566,0.610326692210704,0.614909557577787,0.594736542318019,0.611978151133065,0.600243624786775,0.5939743140766,0.600870307322995,0.612763745742469,0.620335473044961,0.619941653685502,0.603137327311204,0.633322423878007,0.612685079164528,0.611564655368352,0.524234316028483,0.570193688526184,0.623006792343177,0.586561115657007,0.560154818903623,0.599706319602034,0.62316148191422,0.597651839991775,0.566413575367178,0.593043869707643,0.581274413988169,0.627562181505507,0.628485022405686,0.60241134571248,0.627337264938244,0.623441976993657,0.602230512771932,0.607839871699975,0.611317202216305,0,0,0,0,0,0,0,0,0,0,0,0,0,0,0,0,0,0,0
"50",0.601924195124338,0.583888822488052,0.59425748275018,0.587635120862569,0.550311485406332,0.597409762648958,0.586755993141999,0.588738669051072,0.577004097601772,0.610084949570285,0.615596566693758,0.601913885060409,0.608559984686567,0.609840065952185,0.620406628057954,0.632337888555677,0.615144505841966,0.593517203577746,0.621355074267696,0.524234316028483,0.570193688526184,0.623006792343177,0.586561115657007,0.560154818903623,0.599706319602034,0.62316148191422,0.597651839991775,0.566413575367178,0.593043869707643,0.581274413988169,0.627562181505507,0.628485022405686,0.60241134571248,0.627337264938244,0.623441976993657,0.602230512771932,0.607839871699975,0.611317202216305,0,0,0,0,0,0,0,0,0,0,0,0,0,0,0,0,0,0,0
"51",0.562632213759158,0.561480782592092,0.587194933067817,0.572642182412297,0.613259127463566,0.610326692210704,0.614909557577787,0.594736542318019,0.611978151133065,0.600243624786775,0.5939743140766,0.600870307322995,0.612763745742469,0.620335473044961,0.619941653685502,0.603137327311204,0.633322423878007,0.612685079164528,0.611564655368352,0.524234316028483,0.570193688526184,0.623006792343177,0.586561115657007,0.560154818903623,0.599706319602034,0.62316148191422,0.597651839991775,0.566413575367178,0.593043869707643,0.581274413988169,0.627562181505507,0.628485022405686,0.60241134571248,0.627337264938244,0.623441976993657,0.602230512771932,0.607839871699975,0.611317202216305,0,0,0,0,0,0,0,0,0,0,0,0,0,0,0,0,0,0,0
"52",0.601924195124338,0.583888822488052,0.59425748275018,0.587635120862569,0.550311485406332,0.597409762648958,0.586755993141999,0.588738669051072,0.577004097601772,0.610084949570285,0.615596566693758,0.601913885060409,0.608559984686567,0.609840065952185,0.620406628057954,0.632337888555677,0.615144505841966,0.593517203577746,0.621355074267696,0.524234316028483,0.570193688526184,0.623006792343177,0.586561115657007,0.560154818903623,0.599706319602034,0.62316148191422,0.597651839991775,0.566413575367178,0.593043869707643,0.581274413988169,0.627562181505507,0.628485022405686,0.60241134571248,0.627337264938244,0.623441976993657,0.602230512771932,0.607839871699975,0.611317202216305,0,0,0,0,0,0,0,0,0,0,0,0,0,0,0,0,0,0,0
"53",0.562632213759158,0.561480782592092,0.587194933067817,0.572642182412297,0.613259127463566,0.610326692210704,0.614909557577787,0.594736542318019,0.611978151133065,0.600243624786775,0.5939743140766,0.600870307322995,0.612763745742469,0.620335473044961,0.619941653685502,0.603137327311204,0.633322423878007,0.612685079164528,0.611564655368352,0.524234316028483,0.570193688526184,0.623006792343177,0.586561115657007,0.560154818903623,0.599706319602034,0.62316148191422,0.597651839991775,0.566413575367178,0.593043869707643,0.581274413988169,0.627562181505507,0.628485022405686,0.60241134571248,0.627337264938244,0.623441976993657,0.602230512771932,0.607839871699975,0.611317202216305,0,0,0,0,0,0,0,0,0,0,0,0,0,0,0,0,0,0,0
"54",0.601924195124338,0.583888822488052,0.59425748275018,0.587635120862569,0.550311485406332,0.597409762648958,0.586755993141999,0.588738669051072,0.577004097601772,0.610084949570285,0.615596566693758,0.601913885060409,0.608559984686567,0.609840065952185,0.620406628057954,0.632337888555677,0.615144505841966,0.593517203577746,0.621355074267696,0.524234316028483,0.570193688526184,0.623006792343177,0.586561115657007,0.560154818903623,0.599706319602034,0.62316148191422,0.597651839991775,0.566413575367178,0.593043869707643,0.581274413988169,0.627562181505507,0.628485022405686,0.60241134571248,0.627337264938244,0.623441976993657,0.602230512771932,0.607839871699975,0.611317202216305,0,0,0,0,0,0,0,0,0,0,0,0,0,0,0,0,0,0,0
"55",0.562632213759158,0.561480782592092,0.587194933067817,0.572642182412297,0.613259127463566,0.610326692210704,0.614909557577787,0.594736542318019,0.611978151133065,0.600243624786775,0.5939743140766,0.600870307322995,0.612763745742469,0.620335473044961,0.619941653685502,0.603137327311204,0.633322423878007,0.612685079164528,0.611564655368352,0.524234316028483,0.570193688526184,0.623006792343177,0.586561115657007,0.560154818903623,0.599706319602034,0.62316148191422,0.597651839991775,0.566413575367178,0.593043869707643,0.581274413988169,0.627562181505507,0.628485022405686,0.60241134571248,0.627337264938244,0.623441976993657,0.602230512771932,0.607839871699975,0.611317202216305,0,0,0,0,0,0,0,0,0,0,0,0,0,0,0,0,0,0,0
"56",0.601924195124338,0.583888822488052,0.59425748275018,0.587635120862569,0.550311485406332,0.597409762648958,0.586755993141999,0.588738669051072,0.577004097601772,0.610084949570285,0.615596566693758,0.601913885060409,0.608559984686567,0.609840065952185,0.620406628057954,0.632337888555677,0.615144505841966,0.593517203577746,0.621355074267696,0.524234316028483,0.570193688526184,0.623006792343177,0.586561115657007,0.560154818903623,0.599706319602034,0.62316148191422,0.597651839991775,0.566413575367178,0.593043869707643,0.581274413988169,0.627562181505507,0.628485022405686,0.60241134571248,0.627337264938244,0.623441976993657,0.602230512771932,0.607839871699975,0.611317202216305,0,0,0,0,0,0,0,0,0,0,0,0,0,0,0,0,0,0,0
"57",0.562632213759158,0.561480782592092,0.587194933067817,0.572642182412297,0.613259127463566,0.610326692210704,0.614909557577787,0.594736542318019,0.611978151133065,0.600243624786775,0.5939743140766,0.600870307322995,0.612763745742469,0.620335473044961,0.619941653685502,0.603137327311204,0.633322423878007,0.612685079164528,0.611564655368352,0.524234316028483,0.570193688526184,0.623006792343177,0.586561115657007,0.560154818903623,0.599706319602034,0.62316148191422,0.597651839991775,0.566413575367178,0.593043869707643,0.581274413988169,0.627562181505507,0.628485022405686,0.60241134571248,0.627337264938244,0.623441976993657,0.602230512771932,0.607839871699975,0.611317202216305,0,0,0,0,0,0,0,0,0,0,0,0,0,0,0,0,0,0,0
"58",0.601924195124338,0.583888822488052,0.59425748275018,0.587635120862569,0.550311485406332,0.597409762648958,0.586755993141999,0.588738669051072,0.577004097601772,0.610084949570285,0.615596566693758,0.601913885060409,0.608559984686567,0.609840065952185,0.620406628057954,0.632337888555677,0.615144505841966,0.593517203577746,0.621355074267696,0.524234316028483,0.570193688526184,0.623006792343177,0.586561115657007,0.560154818903623,0.599706319602034,0.62316148191422,0.597651839991775,0.566413575367178,0.593043869707643,0.581274413988169,0.627562181505507,0.628485022405686,0.60241134571248,0.627337264938244,0.623441976993657,0.602230512771932,0.607839871699975,0.611317202216305,0,0,0,0,0,0,0,0,0,0,0,0,0,0,0,0,0,0,0
"59",0.562632213759158,0.561480782592092,0.587194933067817,0.572642182412297,0.613259127463566,0.610326692210704,0.614909557577787,0.594736542318019,0.611978151133065,0.600243624786775,0.5939743140766,0.600870307322995,0.612763745742469,0.620335473044961,0.619941653685502,0.603137327311204,0.633322423878007,0.612685079164528,0.611564655368352,0.524234316028483,0.570193688526184,0.623006792343177,0.586561115657007,0.560154818903623,0.599706319602034,0.62316148191422,0.597651839991775,0.566413575367178,0.593043869707643,0.581274413988169,0.627562181505507,0.628485022405686,0.60241134571248,0.627337264938244,0.623441976993657,0.602230512771932,0.607839871699975,0.611317202216305,0,0,0,0,0,0,0,0,0,0,0,0,0,0,0,0,0,0,0
"60",0.601924195124338,0.583888822488052,0.59425748275018,0.587635120862569,0.550311485406332,0.597409762648958,0.586755993141999,0.588738669051072,0.577004097601772,0.610084949570285,0.615596566693758,0.601913885060409,0.608559984686567,0.609840065952185,0.620406628057954,0.632337888555677,0.615144505841966,0.593517203577746,0.621355074267696,0.524234316028483,0.570193688526184,0.623006792343177,0.586561115657007,0.560154818903623,0.599706319602034,0.62316148191422,0.597651839991775,0.566413575367178,0.593043869707643,0.581274413988169,0.627562181505507,0.628485022405686,0.60241134571248,0.627337264938244,0.623441976993657,0.602230512771932,0.607839871699975,0.611317202216305,0,0,0,0,0,0,0,0,0,0,0,0,0,0,0,0,0,0,0
"61",0.562632213759158,0.561480782592092,0.587194933067817,0.572642182412297,0.613259127463566,0.610326692210704,0.614909557577787,0.594736542318019,0.611978151133065,0.600243624786775,0.5939743140766,0.600870307322995,0.612763745742469,0.620335473044961,0.619941653685502,0.603137327311204,0.633322423878007,0.612685079164528,0.611564655368352,0.524234316028483,0.570193688526184,0.623006792343177,0.586561115657007,0.560154818903623,0.599706319602034,0.62316148191422,0.597651839991775,0.566413575367178,0.593043869707643,0.581274413988169,0.627562181505507,0.628485022405686,0.60241134571248,0.627337264938244,0.623441976993657,0.602230512771932,0.607839871699975,0.611317202216305,0,0,0,0,0,0,0,0,0,0,0,0,0,0,0,0,0,0,0
"62",0.601924195124338,0.583888822488052,0.59425748275018,0.587635120862569,0.550311485406332,0.597409762648958,0.586755993141999,0.588738669051072,0.577004097601772,0.610084949570285,0.615596566693758,0.601913885060409,0.608559984686567,0.609840065952185,0.620406628057954,0.632337888555677,0.615144505841966,0.593517203577746,0.621355074267696,0.524234316028483,0.570193688526184,0.623006792343177,0.586561115657007,0.560154818903623,0.599706319602034,0.62316148191422,0.597651839991775,0.566413575367178,0.593043869707643,0.581274413988169,0.627562181505507,0.628485022405686,0.60241134571248,0.627337264938244,0.623441976993657,0.602230512771932,0.607839871699975,0.611317202216305,0,0,0,0,0,0,0,0,0,0,0,0,0,0,0,0,0,0,0
"63",0.562632213759158,0.561480782592092,0.587194933067817,0.572642182412297,0.613259127463566,0.610326692210704,0.614909557577787,0.594736542318019,0.611978151133065,0.600243624786775,0.5939743140766,0.600870307322995,0.612763745742469,0.620335473044961,0.619941653685502,0.603137327311204,0.633322423878007,0.612685079164528,0.611564655368352,0.524234316028483,0.570193688526184,0.623006792343177,0.586561115657007,0.560154818903623,0.599706319602034,0.62316148191422,0.597651839991775,0.566413575367178,0.593043869707643,0.581274413988169,0.627562181505507,0.628485022405686,0.60241134571248,0.627337264938244,0.623441976993657,0.602230512771932,0.607839871699975,0.611317202216305,0,0,0,0,0,0,0,0,0,0,0,0,0,0,0,0,0,0,0
"64",0.601924195124338,0.583888822488052,0.59425748275018,0.587635120862569,0.550311485406332,0.597409762648958,0.586755993141999,0.588738669051072,0.577004097601772,0.610084949570285,0.615596566693758,0.601913885060409,0.608559984686567,0.609840065952185,0.620406628057954,0.632337888555677,0.615144505841966,0.593517203577746,0.621355074267696,0.524234316028483,0.570193688526184,0.623006792343177,0.586561115657007,0.560154818903623,0.599706319602034,0.62316148191422,0.597651839991775,0.566413575367178,0.593043869707643,0.581274413988169,0.627562181505507,0.628485022405686,0.60241134571248,0.627337264938244,0.623441976993657,0.602230512771932,0.607839871699975,0.611317202216305,0,0,0,0,0,0,0,0,0,0,0,0,0,0,0,0,0,0,0
"65",0.562632213759158,0.561480782592092,0.587194933067817,0.572642182412297,0.613259127463566,0.610326692210704,0.614909557577787,0.594736542318019,0.611978151133065,0.600243624786775,0.5939743140766,0.600870307322995,0.612763745742469,0.620335473044961,0.619941653685502,0.603137327311204,0.633322423878007,0.612685079164528,0.611564655368352,0.524234316028483,0.570193688526184,0.623006792343177,0.586561115657007,0.560154818903623,0.599706319602034,0.62316148191422,0.597651839991775,0.566413575367178,0.593043869707643,0.581274413988169,0.627562181505507,0.628485022405686,0.60241134571248,0.627337264938244,0.623441976993657,0.602230512771932,0.607839871699975,0.611317202216305,0,0,0,0,0,0,0,0,0,0,0,0,0,0,0,0,0,0,0
"66",0.601924195124338,0.583888822488052,0.59425748275018,0.587635120862569,0.550311485406332,0.597409762648958,0.586755993141999,0.588738669051072,0.577004097601772,0.610084949570285,0.615596566693758,0.601913885060409,0.608559984686567,0.609840065952185,0.620406628057954,0.632337888555677,0.615144505841966,0.593517203577746,0.621355074267696,0.524234316028483,0.570193688526184,0.623006792343177,0.586561115657007,0.560154818903623,0.599706319602034,0.62316148191422,0.597651839991775,0.566413575367178,0.593043869707643,0.581274413988169,0.627562181505507,0.628485022405686,0.60241134571248,0.627337264938244,0.623441976993657,0.602230512771932,0.607839871699975,0.611317202216305,0,0,0,0,0,0,0,0,0,0,0,0,0,0,0,0,0,0,0
"67",0.562632213759158,0.561480782592092,0.587194933067817,0.572642182412297,0.613259127463566,0.610326692210704,0.614909557577787,0.594736542318019,0.611978151133065,0.600243624786775,0.5939743140766,0.600870307322995,0.612763745742469,0.620335473044961,0.619941653685502,0.603137327311204,0.633322423878007,0.612685079164528,0.611564655368352,0.524234316028483,0.570193688526184,0.623006792343177,0.586561115657007,0.560154818903623,0.599706319602034,0.62316148191422,0.597651839991775,0.566413575367178,0.593043869707643,0.581274413988169,0.627562181505507,0.628485022405686,0.60241134571248,0.627337264938244,0.623441976993657,0.602230512771932,0.607839871699975,0.611317202216305,0,0,0,0,0,0,0,0,0,0,0,0,0,0,0,0,0,0,0
"68",0.601924195124338,0.583888822488052,0.59425748275018,0.587635120862569,0.550311485406332,0.597409762648958,0.586755993141999,0.588738669051072,0.577004097601772,0.610084949570285,0.615596566693758,0.601913885060409,0.608559984686567,0.609840065952185,0.620406628057954,0.632337888555677,0.615144505841966,0.593517203577746,0.621355074267696,0.524234316028483,0.570193688526184,0.623006792343177,0.586561115657007,0.560154818903623,0.599706319602034,0.62316148191422,0.597651839991775,0.566413575367178,0.593043869707643,0.581274413988169,0.627562181505507,0.628485022405686,0.60241134571248,0.627337264938244,0.623441976993657,0.602230512771932,0.607839871699975,0.611317202216305,0,0,0,0,0,0,0,0,0,0,0,0,0,0,0,0,0,0,0
"69",0.562632213759158,0.561480782592092,0.587194933067817,0.572642182412297,0.613259127463566,0.610326692210704,0.614909557577787,0.594736542318019,0.611978151133065,0.600243624786775,0.5939743140766,0.600870307322995,0.612763745742469,0.620335473044961,0.619941653685502,0.603137327311204,0.633322423878007,0.612685079164528,0.611564655368352,0.524234316028483,0.570193688526184,0.623006792343177,0.586561115657007,0.560154818903623,0.599706319602034,0.62316148191422,0.597651839991775,0.566413575367178,0.593043869707643,0.581274413988169,0.627562181505507,0.628485022405686,0.60241134571248,0.627337264938244,0.623441976993657,0.602230512771932,0.607839871699975,0.611317202216305,0,0,0,0,0,0,0,0,0,0,0,0,0,0,0,0,0,0,0
"70",0.601924195124338,0.583888822488052,0.59425748275018,0.587635120862569,0.550311485406332,0.597409762648958,0.586755993141999,0.588738669051072,0.577004097601772,0.610084949570285,0.615596566693758,0.601913885060409,0.608559984686567,0.609840065952185,0.620406628057954,0.632337888555677,0.615144505841966,0.593517203577746,0.621355074267696,0.524234316028483,0.570193688526184,0.623006792343177,0.586561115657007,0.560154818903623,0.599706319602034,0.62316148191422,0.597651839991775,0.566413575367178,0.593043869707643,0.581274413988169,0.627562181505507,0.628485022405686,0.60241134571248,0.627337264938244,0.623441976993657,0.602230512771932,0.607839871699975,0.611317202216305,0,0,0,0,0,0,0,0,0,0,0,0,0,0,0,0,0,0,0
"71",0.562632213759158,0.561480782592092,0.587194933067817,0.572642182412297,0.613259127463566,0.610326692210704,0.614909557577787,0.594736542318019,0.611978151133065,0.600243624786775,0.5939743140766,0.600870307322995,0.612763745742469,0.620335473044961,0.619941653685502,0.603137327311204,0.633322423878007,0.612685079164528,0.611564655368352,0.524234316028483,0.570193688526184,0.623006792343177,0.586561115657007,0.560154818903623,0.599706319602034,0.62316148191422,0.597651839991775,0.566413575367178,0.593043869707643,0.581274413988169,0.627562181505507,0.628485022405686,0.60241134571248,0.627337264938244,0.623441976993657,0.602230512771932,0.607839871699975,0.611317202216305,0,0,0,0,0,0,0,0,0,0,0,0,0,0,0,0,0,0,0
"72",0.601924195124338,0.583888822488052,0.59425748275018,0.587635120862569,0.550311485406332,0.597409762648958,0.586755993141999,0.588738669051072,0.577004097601772,0.610084949570285,0.615596566693758,0.601913885060409,0.608559984686567,0.609840065952185,0.620406628057954,0.632337888555677,0.615144505841966,0.593517203577746,0.621355074267696,0.524234316028483,0.570193688526184,0.623006792343177,0.586561115657007,0.560154818903623,0.599706319602034,0.62316148191422,0.597651839991775,0.566413575367178,0.593043869707643,0.581274413988169,0.627562181505507,0.628485022405686,0.60241134571248,0.627337264938244,0.623441976993657,0.602230512771932,0.607839871699975,0.611317202216305,0,0,0,0,0,0,0,0,0,0,0,0,0,0,0,0,0,0,0
"73",0.562632213759158,0.561480782592092,0.587194933067817,0.572642182412297,0.613259127463566,0.610326692210704,0.614909557577787,0.594736542318019,0.611978151133065,0.600243624786775,0.5939743140766,0.600870307322995,0.612763745742469,0.620335473044961,0.619941653685502,0.603137327311204,0.633322423878007,0.612685079164528,0.611564655368352,0.524234316028483,0.570193688526184,0.623006792343177,0.586561115657007,0.560154818903623,0.599706319602034,0.62316148191422,0.597651839991775,0.566413575367178,0.593043869707643,0.581274413988169,0.627562181505507,0.628485022405686,0.60241134571248,0.627337264938244,0.623441976993657,0.602230512771932,0.607839871699975,0.611317202216305,0,0,0,0,0,0,0,0,0,0,0,0,0,0,0,0,0,0,0
"74",0.601924195124338,0.583888822488052,0.59425748275018,0.587635120862569,0.550311485406332,0.597409762648958,0.586755993141999,0.588738669051072,0.577004097601772,0.610084949570285,0.615596566693758,0.601913885060409,0.608559984686567,0.609840065952185,0.620406628057954,0.632337888555677,0.615144505841966,0.593517203577746,0.621355074267696,0.524234316028483,0.570193688526184,0.623006792343177,0.586561115657007,0.560154818903623,0.599706319602034,0.62316148191422,0.597651839991775,0.566413575367178,0.593043869707643,0.581274413988169,0.627562181505507,0.628485022405686,0.60241134571248,0.627337264938244,0.623441976993657,0.602230512771932,0.607839871699975,0.611317202216305,0,0,0,0,0,0,0,0,0,0,0,0,0,0,0,0,0,0,0
"75",0.562632213759158,0.561480782592092,0.587194933067817,0.572642182412297,0.613259127463566,0.610326692210704,0.614909557577787,0.594736542318019,0.611978151133065,0.600243624786775,0.5939743140766,0.600870307322995,0.612763745742469,0.620335473044961,0.619941653685502,0.603137327311204,0.633322423878007,0.612685079164528,0.611564655368352,0.524234316028483,0.570193688526184,0.623006792343177,0.586561115657007,0.560154818903623,0.599706319602034,0.62316148191422,0.597651839991775,0.566413575367178,0.593043869707643,0.581274413988169,0.627562181505507,0.628485022405686,0.60241134571248,0.627337264938244,0.623441976993657,0.602230512771932,0.607839871699975,0.611317202216305,0,0,0,0,0,0,0,0,0,0,0,0,0,0,0,0,0,0,0
"76",0.601924195124338,0.583888822488052,0.59425748275018,0.587635120862569,0.550311485406332,0.597409762648958,0.586755993141999,0.588738669051072,0.577004097601772,0.610084949570285,0.615596566693758,0.601913885060409,0.608559984686567,0.609840065952185,0.620406628057954,0.632337888555677,0.615144505841966,0.593517203577746,0.621355074267696,0.524234316028483,0.570193688526184,0.623006792343177,0.586561115657007,0.560154818903623,0.599706319602034,0.62316148191422,0.597651839991775,0.566413575367178,0.593043869707643,0.581274413988169,0.627562181505507,0.628485022405686,0.60241134571248,0.627337264938244,0.623441976993657,0.602230512771932,0.607839871699975,0.611317202216305,0,0,0,0,0,0,0,0,0,0,0,0,0,0,0,0,0,0,0
"77",0.562632213759158,0.561480782592092,0.587194933067817,0.572642182412297,0.613259127463566,0.610326692210704,0.614909557577787,0.594736542318019,0.611978151133065,0.600243624786775,0.5939743140766,0.600870307322995,0.612763745742469,0.620335473044961,0.619941653685502,0.603137327311204,0.633322423878007,0.612685079164528,0.611564655368352,0.524234316028483,0.570193688526184,0.623006792343177,0.586561115657007,0.560154818903623,0.599706319602034,0.62316148191422,0.597651839991775,0.566413575367178,0.593043869707643,0.581274413988169,0.627562181505507,0.628485022405686,0.60241134571248,0.627337264938244,0.623441976993657,0.602230512771932,0.607839871699975,0.611317202216305,0,0,0,0,0,0,0,0,0,0,0,0,0,0,0,0,0,0,0
"78",0.601924195124338,0.583888822488052,0.59425748275018,0.587635120862569,0.550311485406332,0.597409762648958,0.586755993141999,0.588738669051072,0.577004097601772,0.610084949570285,0.615596566693758,0.601913885060409,0.608559984686567,0.609840065952185,0.620406628057954,0.632337888555677,0.615144505841966,0.593517203577746,0.621355074267696,0.524234316028483,0.570193688526184,0.623006792343177,0.586561115657007,0.560154818903623,0.599706319602034,0.62316148191422,0.597651839991775,0.566413575367178,0.593043869707643,0.581274413988169,0.627562181505507,0.628485022405686,0.60241134571248,0.627337264938244,0.623441976993657,0.602230512771932,0.607839871699975,0.611317202216305,0,0,0,0,0,0,0,0,0,0,0,0,0,0,0,0,0,0,0
"79",0.562632213759158,0.561480782592092,0.587194933067817,0.572642182412297,0.613259127463566,0.610326692210704,0.614909557577787,0.594736542318019,0.611978151133065,0.600243624786775,0.5939743140766,0.600870307322995,0.612763745742469,0.620335473044961,0.619941653685502,0.603137327311204,0.633322423878007,0.612685079164528,0.611564655368352,0.524234316028483,0.570193688526184,0.623006792343177,0.586561115657007,0.560154818903623,0.599706319602034,0.62316148191422,0.597651839991775,0.566413575367178,0.593043869707643,0.581274413988169,0.627562181505507,0.628485022405686,0.60241134571248,0.627337264938244,0.623441976993657,0.602230512771932,0.607839871699975,0.611317202216305,0,0,0,0,0,0,0,0,0,0,0,0,0,0,0,0,0,0,0
"80",0.601924195124338,0.583888822488052,0.59425748275018,0.587635120862569,0.550311485406332,0.597409762648958,0.586755993141999,0.588738669051072,0.577004097601772,0.610084949570285,0.615596566693758,0.601913885060409,0.608559984686567,0.609840065952185,0.620406628057954,0.632337888555677,0.615144505841966,0.593517203577746,0.621355074267696,0.524234316028483,0.570193688526184,0.623006792343177,0.586561115657007,0.560154818903623,0.599706319602034,0.62316148191422,0.597651839991775,0.566413575367178,0.593043869707643,0.581274413988169,0.627562181505507,0.628485022405686,0.60241134571248,0.627337264938244,0.623441976993657,0.602230512771932,0.607839871699975,0.611317202216305,0,0,0,0,0,0,0,0,0,0,0,0,0,0,0,0,0,0,0
"81",0.562632213759158,0.561480782592092,0.587194933067817,0.572642182412297,0.613259127463566,0.610326692210704,0.614909557577787,0.594736542318019,0.611978151133065,0.600243624786775,0.5939743140766,0.600870307322995,0.612763745742469,0.620335473044961,0.619941653685502,0.603137327311204,0.633322423878007,0.612685079164528,0.611564655368352,0.524234316028483,0.570193688526184,0.623006792343177,0.586561115657007,0.560154818903623,0.599706319602034,0.62316148191422,0.597651839991775,0.566413575367178,0.593043869707643,0.581274413988169,0.627562181505507,0.628485022405686,0.60241134571248,0.627337264938244,0.623441976993657,0.602230512771932,0.607839871699975,0.611317202216305,0,0,0,0,0,0,0,0,0,0,0,0,0,0,0,0,0,0,0
"82",0.601924195124338,0.583888822488052,0.59425748275018,0.587635120862569,0.550311485406332,0.597409762648958,0.586755993141999,0.588738669051072,0.577004097601772,0.610084949570285,0.615596566693758,0.601913885060409,0.608559984686567,0.609840065952185,0.620406628057954,0.632337888555677,0.615144505841966,0.593517203577746,0.621355074267696,0.524234316028483,0.570193688526184,0.623006792343177,0.586561115657007,0.560154818903623,0.599706319602034,0.62316148191422,0.597651839991775,0.566413575367178,0.593043869707643,0.581274413988169,0.627562181505507,0.628485022405686,0.60241134571248,0.627337264938244,0.623441976993657,0.602230512771932,0.607839871699975,0.611317202216305,0,0,0,0,0,0,0,0,0,0,0,0,0,0,0,0,0,0,0
"83",0.562632213759158,0.561480782592092,0.587194933067817,0.572642182412297,0.613259127463566,0.610326692210704,0.614909557577787,0.594736542318019,0.611978151133065,0.600243624786775,0.5939743140766,0.600870307322995,0.612763745742469,0.620335473044961,0.619941653685502,0.603137327311204,0.633322423878007,0.612685079164528,0.611564655368352,0.524234316028483,0.570193688526184,0.623006792343177,0.586561115657007,0.560154818903623,0.599706319602034,0.62316148191422,0.597651839991775,0.566413575367178,0.593043869707643,0.581274413988169,0.627562181505507,0.628485022405686,0.60241134571248,0.627337264938244,0.623441976993657,0.602230512771932,0.607839871699975,0.611317202216305,0,0,0,0,0,0,0,0,0,0,0,0,0,0,0,0,0,0,0
"84",0.601924195124338,0.583888822488052,0.59425748275018,0.587635120862569,0.550311485406332,0.597409762648958,0.586755993141999,0.588738669051072,0.577004097601772,0.610084949570285,0.615596566693758,0.601913885060409,0.608559984686567,0.609840065952185,0.620406628057954,0.632337888555677,0.615144505841966,0.593517203577746,0.621355074267696,0.524234316028483,0.570193688526184,0.623006792343177,0.586561115657007,0.560154818903623,0.599706319602034,0.62316148191422,0.597651839991775,0.566413575367178,0.593043869707643,0.581274413988169,0.627562181505507,0.628485022405686,0.60241134571248,0.627337264938244,0.623441976993657,0.602230512771932,0.607839871699975,0.611317202216305,0,0,0,0,0,0,0,0,0,0,0,0,0,0,0,0,0,0,0
"85",0.562632213759158,0.561480782592092,0.587194933067817,0.572642182412297,0.613259127463566,0.610326692210704,0.614909557577787,0.594736542318019,0.611978151133065,0.600243624786775,0.5939743140766,0.600870307322995,0.612763745742469,0.620335473044961,0.619941653685502,0.603137327311204,0.633322423878007,0.612685079164528,0.611564655368352,0.524234316028483,0.570193688526184,0.623006792343177,0.586561115657007,0.560154818903623,0.599706319602034,0.62316148191422,0.597651839991775,0.566413575367178,0.593043869707643,0.581274413988169,0.627562181505507,0.628485022405686,0.60241134571248,0.627337264938244,0.623441976993657,0.602230512771932,0.607839871699975,0.611317202216305,0,0,0,0,0,0,0,0,0,0,0,0,0,0,0,0,0,0,0
"86",0.601924195124338,0.583888822488052,0.59425748275018,0.587635120862569,0.550311485406332,0.597409762648958,0.586755993141999,0.588738669051072,0.577004097601772,0.610084949570285,0.615596566693758,0.601913885060409,0.608559984686567,0.609840065952185,0.620406628057954,0.632337888555677,0.615144505841966,0.593517203577746,0.621355074267696,0.524234316028483,0.570193688526184,0.623006792343177,0.586561115657007,0.560154818903623,0.599706319602034,0.62316148191422,0.597651839991775,0.566413575367178,0.593043869707643,0.581274413988169,0.627562181505507,0.628485022405686,0.60241134571248,0.627337264938244,0.623441976993657,0.602230512771932,0.607839871699975,0.611317202216305,0,0,0,0,0,0,0,0,0,0,0,0,0,0,0,0,0,0,0
"87",0.562632213759158,0.561480782592092,0.587194933067817,0.572642182412297,0.613259127463566,0.610326692210704,0.614909557577787,0.594736542318019,0.611978151133065,0.600243624786775,0.5939743140766,0.600870307322995,0.612763745742469,0.620335473044961,0.619941653685502,0.603137327311204,0.633322423878007,0.612685079164528,0.611564655368352,0.524234316028483,0.570193688526184,0.623006792343177,0.586561115657007,0.560154818903623,0.599706319602034,0.62316148191422,0.597651839991775,0.566413575367178,0.593043869707643,0.581274413988169,0.627562181505507,0.628485022405686,0.60241134571248,0.627337264938244,0.623441976993657,0.602230512771932,0.607839871699975,0.611317202216305,0,0,0,0,0,0,0,0,0,0,0,0,0,0,0,0,0,0,0
"88",0.601924195124338,0.583888822488052,0.59425748275018,0.587635120862569,0.550311485406332,0.597409762648958,0.586755993141999,0.588738669051072,0.577004097601772,0.610084949570285,0.615596566693758,0.601913885060409,0.608559984686567,0.609840065952185,0.620406628057954,0.632337888555677,0.615144505841966,0.593517203577746,0.621355074267696,0.524234316028483,0.570193688526184,0.623006792343177,0.586561115657007,0.560154818903623,0.599706319602034,0.62316148191422,0.597651839991775,0.566413575367178,0.593043869707643,0.581274413988169,0.627562181505507,0.628485022405686,0.60241134571248,0.627337264938244,0.623441976993657,0.602230512771932,0.607839871699975,0.611317202216305,0,0,0,0,0,0,0,0,0,0,0,0,0,0,0,0,0,0,0
"89",0.562632213759158,0.561480782592092,0.587194933067817,0.572642182412297,0.613259127463566,0.610326692210704,0.614909557577787,0.594736542318019,0.611978151133065,0.600243624786775,0.5939743140766,0.600870307322995,0.612763745742469,0.620335473044961,0.619941653685502,0.603137327311204,0.633322423878007,0.612685079164528,0.611564655368352,0.524234316028483,0.570193688526184,0.623006792343177,0.586561115657007,0.560154818903623,0.599706319602034,0.62316148191422,0.597651839991775,0.566413575367178,0.593043869707643,0.581274413988169,0.627562181505507,0.628485022405686,0.60241134571248,0.627337264938244,0.623441976993657,0.602230512771932,0.607839871699975,0.611317202216305,0,0,0,0,0,0,0,0,0,0,0,0,0,0,0,0,0,0,0
"90",0.601924195124338,0.583888822488052,0.59425748275018,0.587635120862569,0.550311485406332,0.597409762648958,0.586755993141999,0.588738669051072,0.577004097601772,0.610084949570285,0.615596566693758,0.601913885060409,0.608559984686567,0.609840065952185,0.620406628057954,0.632337888555677,0.615144505841966,0.593517203577746,0.621355074267696,0.524234316028483,0.570193688526184,0.623006792343177,0.586561115657007,0.560154818903623,0.599706319602034,0.62316148191422,0.597651839991775,0.566413575367178,0.593043869707643,0.581274413988169,0.627562181505507,0.628485022405686,0.60241134571248,0.627337264938244,0.623441976993657,0.602230512771932,0.607839871699975,0.611317202216305,0,0,0,0,0,0,0,0,0,0,0,0,0,0,0,0,0,0,0
"91",0.562632213759158,0.561480782592092,0.587194933067817,0.572642182412297,0.613259127463566,0.610326692210704,0.614909557577787,0.594736542318019,0.611978151133065,0.600243624786775,0.5939743140766,0.600870307322995,0.612763745742469,0.620335473044961,0.619941653685502,0.603137327311204,0.633322423878007,0.612685079164528,0.611564655368352,0.524234316028483,0.570193688526184,0.623006792343177,0.586561115657007,0.560154818903623,0.599706319602034,0.62316148191422,0.597651839991775,0.566413575367178,0.593043869707643,0.581274413988169,0.627562181505507,0.628485022405686,0.60241134571248,0.627337264938244,0.623441976993657,0.602230512771932,0.607839871699975,0.611317202216305,0,0,0,0,0,0,0,0,0,0,0,0,0,0,0,0,0,0,0
"92",0.601924195124338,0.583888822488052,0.59425748275018,0.587635120862569,0.550311485406332,0.597409762648958,0.586755993141999,0.588738669051072,0.577004097601772,0.610084949570285,0.615596566693758,0.601913885060409,0.608559984686567,0.609840065952185,0.620406628057954,0.632337888555677,0.615144505841966,0.593517203577746,0.621355074267696,0.524234316028483,0.570193688526184,0.623006792343177,0.586561115657007,0.560154818903623,0.599706319602034,0.62316148191422,0.597651839991775,0.566413575367178,0.593043869707643,0.581274413988169,0.627562181505507,0.628485022405686,0.60241134571248,0.627337264938244,0.623441976993657,0.602230512771932,0.607839871699975,0.611317202216305,0,0,0,0,0,0,0,0,0,0,0,0,0,0,0,0,0,0,0
"93",0.562632213759158,0.561480782592092,0.587194933067817,0.572642182412297,0.613259127463566,0.610326692210704,0.614909557577787,0.594736542318019,0.611978151133065,0.600243624786775,0.5939743140766,0.600870307322995,0.612763745742469,0.620335473044961,0.619941653685502,0.603137327311204,0.633322423878007,0.612685079164528,0.611564655368352,0.524234316028483,0.570193688526184,0.623006792343177,0.586561115657007,0.560154818903623,0.599706319602034,0.62316148191422,0.597651839991775,0.566413575367178,0.593043869707643,0.581274413988169,0.627562181505507,0.628485022405686,0.60241134571248,0.627337264938244,0.623441976993657,0.602230512771932,0.607839871699975,0.611317202216305,0,0,0,0,0,0,0,0,0,0,0,0,0,0,0,0,0,0,0
"94",0.601924195124338,0.583888822488052,0.59425748275018,0.587635120862569,0.550311485406332,0.597409762648958,0.586755993141999,0.588738669051072,0.577004097601772,0.610084949570285,0.615596566693758,0.601913885060409,0.608559984686567,0.609840065952185,0.620406628057954,0.632337888555677,0.615144505841966,0.593517203577746,0.621355074267696,0.524234316028483,0.570193688526184,0.623006792343177,0.586561115657007,0.560154818903623,0.599706319602034,0.62316148191422,0.597651839991775,0.566413575367178,0.593043869707643,0.581274413988169,0.627562181505507,0.628485022405686,0.60241134571248,0.627337264938244,0.623441976993657,0.602230512771932,0.607839871699975,0.611317202216305,0,0,0,0,0,0,0,0,0,0,0,0,0,0,0,0,0,0,0
"95",0.562632213759158,0.561480782592092,0.587194933067817,0.572642182412297,0.613259127463566,0.610326692210704,0.614909557577787,0.594736542318019,0.611978151133065,0.600243624786775,0.5939743140766,0.600870307322995,0.612763745742469,0.620335473044961,0.619941653685502,0.603137327311204,0.633322423878007,0.612685079164528,0.611564655368352,0.524234316028483,0.570193688526184,0.623006792343177,0.586561115657007,0.560154818903623,0.599706319602034,0.62316148191422,0.597651839991775,0.566413575367178,0.593043869707643,0.581274413988169,0.627562181505507,0.628485022405686,0.60241134571248,0.627337264938244,0.623441976993657,0.602230512771932,0.607839871699975,0.611317202216305,0,0,0,0,0,0,0,0,0,0,0,0,0,0,0,0,0,0,0
"96",0.601924195124338,0.583888822488052,0.59425748275018,0.587635120862569,0.550311485406332,0.597409762648958,0.586755993141999,0.588738669051072,0.577004097601772,0.610084949570285,0.615596566693758,0.601913885060409,0.608559984686567,0.609840065952185,0.620406628057954,0.632337888555677,0.615144505841966,0.593517203577746,0.621355074267696,0.524234316028483,0.570193688526184,0.623006792343177,0.586561115657007,0.560154818903623,0.599706319602034,0.62316148191422,0.597651839991775,0.566413575367178,0.593043869707643,0.581274413988169,0.627562181505507,0.628485022405686,0.60241134571248,0.627337264938244,0.623441976993657,0.602230512771932,0.607839871699975,0.611317202216305,0,0,0,0,0,0,0,0,0,0,0,0,0,0,0,0,0,0,0
"97",0.562632213759158,0.561480782592092,0.587194933067817,0.572642182412297,0.613259127463566,0.610326692210704,0.614909557577787,0.594736542318019,0.611978151133065,0.600243624786775,0.5939743140766,0.600870307322995,0.612763745742469,0.620335473044961,0.619941653685502,0.603137327311204,0.633322423878007,0.612685079164528,0.611564655368352,0.524234316028483,0.570193688526184,0.623006792343177,0.586561115657007,0.560154818903623,0.599706319602034,0.62316148191422,0.597651839991775,0.566413575367178,0.593043869707643,0.581274413988169,0.627562181505507,0.628485022405686,0.60241134571248,0.627337264938244,0.623441976993657,0.602230512771932,0.607839871699975,0.611317202216305,0,0,0,0,0,0,0,0,0,0,0,0,0,0,0,0,0,0,0
"98",0.601924195124338,0.583888822488052,0.59425748275018,0.587635120862569,0.550311485406332,0.597409762648958,0.586755993141999,0.588738669051072,0.577004097601772,0.610084949570285,0.615596566693758,0.601913885060409,0.608559984686567,0.609840065952185,0.620406628057954,0.632337888555677,0.615144505841966,0.593517203577746,0.621355074267696,0.524234316028483,0.570193688526184,0.623006792343177,0.586561115657007,0.560154818903623,0.599706319602034,0.62316148191422,0.597651839991775,0.566413575367178,0.593043869707643,0.581274413988169,0.627562181505507,0.628485022405686,0.60241134571248,0.627337264938244,0.623441976993657,0.602230512771932,0.607839871699975,0.611317202216305,0,0,0,0,0,0,0,0,0,0,0,0,0,0,0,0,0,0,0
"99",0.562632213759158,0.561480782592092,0.587194933067817,0.572642182412297,0.613259127463566,0.610326692210704,0.614909557577787,0.594736542318019,0.611978151133065,0.600243624786775,0.5939743140766,0.600870307322995,0.612763745742469,0.620335473044961,0.619941653685502,0.603137327311204,0.633322423878007,0.612685079164528,0.611564655368352,0.524234316028483,0.570193688526184,0.623006792343177,0.586561115657007,0.560154818903623,0.599706319602034,0.62316148191422,0.597651839991775,0.566413575367178,0.593043869707643,0.581274413988169,0.627562181505507,0.628485022405686,0.60241134571248,0.627337264938244,0.623441976993657,0.602230512771932,0.607839871699975,0.611317202216305,0,0,0,0,0,0,0,0,0,0,0,0,0,0,0,0,0,0,0
"100",0.601924195124338,0.583888822488052,0.59425748275018,0.587635120862569,0.550311485406332,0.597409762648958,0.586755993141999,0.588738669051072,0.577004097601772,0.610084949570285,0.615596566693758,0.601913885060409,0.608559984686567,0.609840065952185,0.620406628057954,0.632337888555677,0.615144505841966,0.593517203577746,0.621355074267696,0.524234316028483,0.570193688526184,0.623006792343177,0.586561115657007,0.560154818903623,0.599706319602034,0.62316148191422,0.597651839991775,0.566413575367178,0.593043869707643,0.581274413988169,0.627562181505507,0.628485022405686,0.60241134571248,0.627337264938244,0.623441976993657,0.602230512771932,0.607839871699975,0.611317202216305,0,0,0,0,0,0,0,0,0,0,0,0,0,0,0,0,0,0,0
